0.57164,-4.84857,-1.41747
0.625532,-4.83177,-1.41707
0.741978,-4.79395,-1.41731
0.891921,-4.73287,-1.41761
1.05798,-4.65387,-1.41697
1.19934,-4.56208,-1.41769
1.34407,-4.46416,-1.41741
1.48083,-4.3538,-1.41688
1.60069,-4.23442,-1.4183
1.73441,-4.11793,-1.41697
1.84357,-3.98396,-1.41774
1.93466,-3.83555,-1.41732
2.00509,-3.67623,-1.41754
2.04596,-3.50763,-1.41723
2.06912,-3.33492,-1.41739
2.1025,-3.165,-1.41756
2.16014,-3.00083,-1.41714
2.23071,-2.84208,-1.4176
2.30819,-2.68744,-1.41728
2.39142,-2.53441,-1.41745
2.46358,-2.37746,-1.41744
2.53282,-2.21757,-1.41757
2.58901,-2.05443,-1.41655
2.64109,-1.8875,-1.41837
2.69056,-1.72275,-1.41684
2.72701,-1.55151,-1.41777
2.76195,-1.38301,-1.41731
2.79221,-1.21141,-1.41708
2.81141,-1.03897,-1.41818
2.81617,-0.865853,-1.41654
2.81185,-0.691156,-1.41797
2.82135,-0.519804,-1.41691
2.83854,-0.345094,-1.41775
2.87765,-0.177503,-1.41729
2.90654,-0.00446739,-1.41707
2.93919,0.163305,-1.41727
2.96195,0.341742,-1.41875
3.00859,0.497909,-1.41674
3.06071,0.630338,-1.41765
3.04399,0.674241,-1.41739
0.505492,-4.89464,-1.42008
0.580693,-4.84739,-1.36732
0.672161,-4.76844,-1.34648
0.830427,-4.75627,-1.30608
1.03524,-4.70955,-1.31728
1.16567,-4.58202,-1.34876
1.29333,-4.47434,-1.33581
1.47011,-4.39689,-1.29724
1.57647,-4.27702,-1.28201
1.72739,-4.15672,-1.30998
1.83183,-3.99868,-1.32161
1.91539,-3.83382,-1.32849
1.98442,-3.67321,-1.32108
2.03371,-3.52539,-1.29296
2.04372,-3.33263,-1.32801
2.09643,-3.17527,-1.319
2.16234,-3.0038,-1.3052
2.22203,-2.82855,-1.3425
2.29897,-2.68001,-1.3369
2.39367,-2.51794,-1.34409
2.46754,-2.36671,-1.34007
2.54662,-2.2109,-1.31858
2.6077,-2.04729,-1.32439
2.64527,-1.86305,-1.32688
2.69563,-1.70232,-1.33642
2.75355,-1.53304,-1.30794
2.78386,-1.35977,-1.3213
2.79429,-1.17287,-1.34285
2.83957,-1.01506,-1.32474
2.8402,-0.822767,-1.20819
2.82956,-0.638185,-1.2259
2.86635,-0.480071,-1.24191
2.85976,-0.290542,-1.29729
2.90737,-0.136521,-1.30693
2.96649,0.00879634,-1.30714
3.01641,0.164489,-1.3147
3.01421,0.403043,-1.33428
3.06498,0.557037,-1.34293
3.12166,0.690101,-1.34975
3.06647,0.725791,-1.41913
0.411086,-4.81054,-1.4103
0.435619,-4.8722,-1.33739
0.558047,-4.7989,-1.30302
0.742691,-4.74548,-1.24676
0.910081,-4.67731,-1.21638
1.05281,-4.5663,-1.22074
1.21408,-4.51159,-1.13875
1.38725,-4.35808,-1.1991
1.5219,-4.26195,-1.14986
1.66334,-4.14003,-1.14594
1.76919,-3.98996,-1.1457
1.86317,-3.8337,-1.12506
1.91647,-3.64124,-1.15467
1.94795,-3.45786,-1.17987
1.96945,-3.27054,-1.19498
2.03745,-3.13055,-1.13977
2.1113,-2.96143,-1.15341
2.18524,-2.78365,-1.17696
2.30375,-2.65483,-1.11759
2.38493,-2.48044,-1.132
2.45888,-2.31388,-1.14864
2.5347,-2.1465,-1.13611
2.5809,-1.96709,-1.17508
2.6448,-1.79271,-1.15391
2.69024,-1.62482,-1.17364
2.72459,-1.43687,-1.18265
2.73428,-1.25327,-1.22232
2.77151,-1.07719,-1.20089
2.81665,-0.919788,-1.17715
2.78158,-0.720791,-1.15511
2.77544,-0.541148,-1.18589
2.79768,-0.375579,-1.21375
2.79244,-0.182394,-1.26761
2.84115,-0.0255755,-1.27552
2.90714,0.119392,-1.27029
2.96849,0.282755,-1.26612
2.94468,0.513995,-1.31939
2.99188,0.664824,-1.33467
3.05386,0.799761,-1.34261
3.07344,0.861312,-1.41601
0.273174,-4.80872,-1.37945
0.281191,-4.86313,-1.32274
0.398039,-4.82006,-1.24011
0.571157,-4.79127,-1.11477
0.749036,-4.71896,-1.05396
0.928925,-4.63791,-1.00786
1.11069,-4.52916,-0.963364
1.27455,-4.4311,-0.943621
1.43494,-4.32413,-0.901781
1.57688,-4.17001,-0.87896
1.69135,-3.99955,-0.879503
1.77222,-3.81668,-0.883733
1.8243,-3.62381,-0.890582
1.84344,-3.43938,-0.902279
1.89,-3.24642,-0.941726
1.97081,-3.07646,-0.928791
2.0577,-2.90347,-0.944444
2.15949,-2.75082,-0.900705
2.26403,-2.58571,-0.932036
2.35976,-2.41765,-0.89806
2.44066,-2.24816,-0.911803
2.51495,-2.06559,-0.907497
2.57712,-1.88468,-0.911396
2.64286,-1.70181,-0.908926
2.68621,-1.52144,-0.934488
2.72157,-1.32732,-0.939573
2.72542,-1.13173,-0.955792
2.73606,-0.952024,-0.991773
2.74618,-0.78179,-1.00618
2.70789,-0.593765,-1.06708
2.71649,-0.427246,-1.12467
2.72904,-0.252103,-1.16485
2.75167,-0.0469758,-1.17453
2.82501,0.123561,-1.13494
2.915,0.287657,-1.09056
3.00411,0.50834,-1.05265
2.90965,0.655549,-1.25743
2.94378,0.801573,-1.31744
3.01096,0.939493,-1.33127
3.11194,1.03287,-1.41833
-0.00476316,-5.03649,-1.32823
0.0694454,-4.92164,-1.31113
0.189647,-4.84626,-1.19956
0.365951,-4.79426,-1.04547
0.584667,-4.75118,-0.935874
0.77047,-4.71389,-0.829965
0.964603,-4.62177,-0.727513
1.15173,-4.49746,-0.684787
1.3193,-4.35172,-0.664165
1.46491,-4.18308,-0.628897
1.57616,-3.99437,-0.609766
1.65421,-3.79215,-0.617945
1.69964,-3.58593,-0.652632
1.73059,-3.38611,-0.675551
1.79937,-3.20202,-0.674009
1.89619,-3.02253,-0.668839
1.9928,-2.85359,-0.656394
2.09558,-2.68102,-0.658198
2.20818,-2.50438,-0.646538
2.29654,-2.33638,-0.634667
2.38604,-2.14687,-0.641892
2.46872,-1.96689,-0.646824
2.54017,-1.77377,-0.656095
2.59744,-1.58184,-0.678982
2.62936,-1.38133,-0.705717
2.6553,-1.18832,-0.727526
2.66412,-0.998821,-0.772858
2.65781,-0.808124,-0.812433
2.6399,-0.626943,-0.850981
2.64362,-0.442251,-0.890952
2.70067,-0.267864,-0.883489
2.75623,-0.0814081,-0.870866
2.77331,0.120872,-0.943378
2.81815,0.278832,-0.979636
2.88217,0.4479,-0.993503
2.95989,0.675107,-1.00503
3.02158,0.846403,-1.06482
3.15156,1.08405,-1.24335
3.20498,1.21956,-1.28179
3.13886,1.22062,-1.41671
-0.214836,-5.07231,-1.33353
-0.123241,-4.93663,-1.3036
-0.00909005,-4.8225,-1.22275
0.177752,-4.82802,-0.965851
0.389709,-4.81882,-0.790312
0.596496,-4.74154,-0.681248
0.823155,-4.64786,-0.561376
1.01476,-4.52065,-0.489963
1.19116,-4.37272,-0.420228
1.33775,-4.17911,-0.382365
1.44348,-3.97196,-0.37276
1.52099,-3.75286,-0.391051
1.54355,-3.5393,-0.419904
1.60806,-3.33259,-0.455312
1.70905,-3.13391,-0.453806
1.80203,-2.95705,-0.434654
1.89216,-2.78001,-0.461297
2.00401,-2.58964,-0.482374
2.12954,-2.40475,-0.43952
2.21896,-2.23837,-0.401251
2.31701,-2.04127,-0.418071
2.39776,-1.85118,-0.417511
2.4615,-1.64454,-0.437373
2.51426,-1.44287,-0.463689
2.545,-1.23566,-0.502905
2.56416,-1.03895,-0.549054
2.56692,-0.850282,-0.602218
2.53833,-0.663073,-0.673478
2.55393,-0.484301,-0.700347
2.60658,-0.299585,-0.743281
2.66049,-0.118093,-0.764306
2.70449,0.0664809,-0.770725
2.7962,0.266753,-0.763396
2.80902,0.434704,-0.870732
2.82518,0.61311,-0.954537
2.88375,0.807558,-1.00519
2.98955,1.01085,-1.10314
3.10707,1.2265,-1.23536
3.16575,1.36319,-1.26989
3.15763,1.40038,-1.41784
-0.383888,-4.95841,-1.40394
-0.288894,-4.8645,-1.33035
-0.192619,-4.80791,-1.19615
-0.0266728,-4.85065,-0.900711
0.169602,-4.82231,-0.706798
0.375966,-4.78523,-0.50993
0.605402,-4.73962,-0.356095
0.848856,-4.59847,-0.243483
1.03655,-4.40024,-0.168848
1.17835,-4.16998,-0.141821
1.28649,-3.94038,-0.137006
1.3491,-3.70078,-0.170612
1.38741,-3.47224,-0.218706
1.47556,-3.27583,-0.218585
1.58162,-3.06563,-0.222154
1.69146,-2.87748,-0.212339
1.79355,-2.68687,-0.185823
1.88916,-2.49915,-0.156888
2.00632,-2.30992,-0.173174
2.11689,-2.12573,-0.186943
2.22322,-1.9223,-0.17563
2.30246,-1.71368,-0.194836
2.35292,-1.49724,-0.232329
2.39378,-1.29151,-0.276841
2.4286,-1.08207,-0.331224
2.42839,-0.895514,-0.404645
2.4003,-0.701672,-0.498922
2.42827,-0.518736,-0.545346
2.50235,-0.346373,-0.557116
2.58562,-0.158014,-0.555137
2.62524,0.0302273,-0.611617
2.67308,0.215152,-0.672852
2.77157,0.419119,-0.678749
2.81018,0.60151,-0.747808
2.84081,0.776525,-0.818306
2.8513,0.963879,-0.982034
2.97229,1.19445,-1.14323
3.0479,1.36357,-1.23242
3.11238,1.50234,-1.27237
3.17472,1.58468,-1.4171
-0.548187,-4.88315,-1.41942
-0.486852,-4.82974,-1.33178
-0.394315,-4.82132,-1.12374
-0.23197,-4.81059,-0.883207
-0.0311547,-4.80496,-0.634756
0.191889,-4.80964,-0.370896
0.413431,-4.75753,-0.204554
0.66561,-4.63447,-0.0364743
0.874512,-4.4161,0.0789294
1.01379,-4.14515,0.0954537
1.11034,-3.88844,0.0789202
1.17643,-3.64001,0.0374365
1.30308,-3.4226,0.0423379
1.41973,-3.22335,0.0582501
1.46881,-2.98461,-0.000335078
1.55184,-2.77873,-0.0155651
1.66899,-2.57771,-0.0358208
1.77613,-2.38051,-0.0267235
1.87205,-2.18904,-0.00355567
1.98686,-1.9868,0.0117602
2.08292,-1.77642,0.0145628
2.16183,-1.5596,-0.0142588
2.21327,-1.33961,-0.0727731
2.24279,-1.12766,-0.141405
2.24969,-0.936881,-0.2293
2.24148,-0.740832,-0.330488
2.28052,-0.553384,-0.382098
2.40366,-0.384047,-0.370538
2.51192,-0.204427,-0.363098
2.52939,0.00575825,-0.422785
2.59253,0.194177,-0.467085
2.6756,0.381316,-0.501458
2.71833,0.584279,-0.614476
2.77771,0.783872,-0.653307
2.86462,0.979032,-0.68496
2.94233,1.21285,-0.895143
3.02168,1.39042,-0.995758
3.11876,1.58001,-1.19299
3.19861,1.74103,-1.33121
3.18512,1.76975,-1.41748
-0.723841,-4.82558,-1.41715
-0.675623,-4.78844,-1.32871
-0.583072,-4.76406,-1.10919
-0.448341,-4.79427,-0.826739
-0.282445,-4.81578,-0.531885
-0.077417,-4.81085,-0.278034
0.157665,-4.77791,-0.0257
0.440607,-4.66629,0.213579
0.684082,-4.40521,0.342878
0.832268,-4.09419,0.349869
0.897815,-3.80611,0.264
1.00691,-3.5646,0.240752
1.12856,-3.33571,0.235951
1.22291,-3.1098,0.215128
1.35537,-2.90005,0.243708
1.41304,-2.6714,0.183997
1.50783,-2.46393,0.17846
1.61244,-2.25229,0.19852
1.71161,-2.04939,0.195803
1.82008,-1.83678,0.179769
1.91135,-1.62189,0.158653
1.98106,-1.39364,0.119819
2.02731,-1.17525,0.0419584
2.06577,-0.987549,-0.0419436
2.07052,-0.781989,-0.162083
2.10616,-0.576239,-0.243529
2.24352,-0.424533,-0.199267
2.42119,-0.261518,-0.149882
2.45957,-0.0442621,-0.214413
2.47223,0.160079,-0.299166
2.58411,0.358155,-0.326737
2.6642,0.558215,-0.368074
2.69872,0.771586,-0.473518
2.75159,0.977678,-0.606165
2.84218,1.17012,-0.671163
2.91886,1.37594,-0.845736
2.99144,1.55156,-0.986964
3.08309,1.73693,-1.19772
3.15597,1.89113,-1.33221
3.18471,1.95245,-1.41735
-0.900471,-4.76161,-1.41703
-0.856251,-4.73145,-1.31805
-0.776506,-4.72489,-1.08569
-0.652702,-4.72288,-0.797013
-0.504408,-4.75574,-0.463971
-0.327809,-4.74752,-0.187427
-0.11417,-4.74888,0.129819
0.156336,-4.62369,0.425696
0.421402,-4.3226,0.579834
0.589487,-3.98724,0.551218
0.643471,-3.67501,0.355518
0.849656,-3.47777,0.433288
0.973571,-3.23494,0.429831
1.0273,-2.99378,0.357836
1.19178,-2.7881,0.40861
1.25448,-2.55173,0.35503
1.34565,-2.33366,0.328794
1.44738,-2.11948,0.329532
1.55995,-1.91569,0.304613
1.63664,-1.68028,0.303884
1.70723,-1.45677,0.273021
1.78266,-1.23334,0.198431
1.83175,-1.02747,0.100876
1.86151,-0.818297,-0.0154775
1.90363,-0.602962,-0.110737
2.03735,-0.44788,-0.0741821
2.25295,-0.312177,0.0461519
2.3373,-0.0924986,0.00170927
2.31689,0.137969,-0.124289
2.42749,0.322454,-0.142071
2.54865,0.520579,-0.219049
2.6027,0.742075,-0.302321
2.67223,0.94841,-0.364123
2.73276,1.1609,-0.528997
2.80719,1.34437,-0.64952
2.94281,1.58219,-0.780305
3.02573,1.77119,-0.96911
3.10024,1.9365,-1.1104
3.17356,2.09611,-1.31164
3.18111,2.13672,-1.41746
-1.06853,-4.68023,-1.41708
-1.02736,-4.65616,-1.30056
-0.945797,-4.63458,-1.10312
-0.853329,-4.64515,-0.773269
-0.743253,-4.67623,-0.421165
-0.588729,-4.66423,-0.109005
-0.416072,-4.66544,0.262308
-0.162172,-4.49787,0.599689
0.113041,-4.17513,0.742905
0.296864,-3.81421,0.60085
0.419969,-3.55997,0.469504
0.721847,-3.43764,0.775325
0.817038,-3.12337,0.651667
0.908305,-2.91172,0.600376
1.06714,-2.68207,0.646874
1.0766,-2.42269,0.499538
1.18148,-2.20621,0.475791
1.28196,-1.97876,0.464608
1.38788,-1.75663,0.445392
1.46429,-1.51969,0.38552
1.53324,-1.30323,0.334399
1.59443,-1.09013,0.251361
1.63099,-0.884613,0.167552
1.66279,-0.622495,0.0107717
1.77798,-0.43864,-0.00175721
2.01511,-0.347189,0.207592
2.15494,-0.134318,0.215367
2.16265,0.114854,0.0532585
2.27251,0.299881,0.0152652
2.47,0.482531,0.0463302
2.52049,0.708608,-0.0531027
2.55022,0.92993,-0.183499
2.62422,1.13431,-0.310586
2.7139,1.34429,-0.423917
2.82371,1.56798,-0.569202
2.89615,1.73517,-0.722033
2.9855,1.92778,-0.933636
3.08515,2.12594,-1.19235
3.15769,2.27666,-1.31743
3.17011,2.32209,-1.41727
-1.22978,-4.58432,-1.42029
-1.19528,-4.57191,-1.29595
-1.14521,-4.53273,-1.11905
-1.06762,-4.57857,-0.722152
-0.966843,-4.57713,-0.388364
-0.845972,-4.55432,-0.0478949
-0.697799,-4.49491,0.335321
-0.473357,-4.28732,0.658543
-0.186729,-3.96405,0.742493
0.0163266,-3.62578,0.510474
0.222736,-3.50577,0.743698
0.446438,-3.27589,0.906809
0.536543,-2.94688,0.657352
0.732945,-2.76778,0.773197
0.906655,-2.52797,0.842995
0.886568,-2.26942,0.614485
0.9371,-2.04113,0.545342
1.0221,-1.82169,0.51151
1.16724,-1.59624,0.528079
1.26102,-1.35899,0.483076
1.30177,-1.13138,0.402749
1.36333,-0.921973,0.319376
1.42352,-0.66872,0.150384
1.51768,-0.451832,0.0893555
1.70872,-0.347744,0.266389
1.90716,-0.167278,0.375117
1.97152,0.087592,0.235724
2.08766,0.27012,0.186724
2.31204,0.437102,0.250698
2.39494,0.678145,0.158517
2.42221,0.90604,0.0187007
2.48591,1.11882,-0.105245
2.5638,1.30734,-0.217848
2.67974,1.53699,-0.407337
2.77798,1.73456,-0.514309
2.87112,1.92203,-0.66872
2.99971,2.1546,-0.893636
3.0688,2.31292,-1.10317
3.11937,2.44356,-1.30331
3.1512,2.50371,-1.41749
-1.38214,-4.48041,-1.41708
-1.35305,-4.48132,-1.26437
-1.31799,-4.44024,-1.08426
-1.25741,-4.47708,-0.715768
-1.17393,-4.45111,-0.370712
-1.0647,-4.39082,-0.0176598
-0.920965,-4.2632,0.333538
-0.706031,-4.03704,0.607957
-0.405614,-3.742,0.564435
-0.205291,-3.51884,0.595694
-0.0214494,-3.36651,0.94151
0.167017,-3.05418,0.767934
0.34107,-2.88046,0.895776
0.560661,-2.64403,1.04413
0.645738,-2.34757,0.86716
0.664451,-2.11236,0.684553
0.867396,-1.93922,0.724585
0.94858,-1.68415,0.670096
0.914308,-1.44653,0.583395
1.0571,-1.20366,0.558596
1.12136,-0.968046,0.449651
1.16731,-0.744957,0.3315
1.23498,-0.480185,0.205648
1.40351,-0.306989,0.311729
1.63364,-0.184663,0.517428
1.7347,0.0652241,0.40216
1.83114,0.275431,0.278623
2.06869,0.412277,0.410854
2.21715,0.642661,0.371992
2.27204,0.885247,0.229362
2.3353,1.0914,0.105393
2.43989,1.31718,-0.0093758
2.55106,1.53319,-0.125983
2.64848,1.74149,-0.28985
2.75701,1.93641,-0.413949
2.87586,2.15125,-0.632224
2.95643,2.32605,-0.885264
3.03874,2.49701,-1.14835
3.10612,2.64124,-1.292
3.12248,2.68599,-1.41728
-1.53918,-4.37482,-1.41727
-1.52277,-4.35135,-1.30622
-1.49493,-4.34804,-1.05388
-1.44799,-4.36006,-0.694803
-1.36607,-4.29857,-0.357432
-1.25046,-4.19307,-0.0159667
-1.09846,-4.02573,0.298404
-0.867233,-3.80584,0.486057
-0.59204,-3.55223,0.475033
-0.469697,-3.37999,0.77791
-0.27849,-3.14299,0.958416
-0.0408757,-2.87778,0.762989
0.127865,-2.73861,1.10155
0.297912,-2.45244,1.02894
0.387294,-2.14917,0.797961
0.581272,-2.02573,0.905892
0.881474,-1.84414,1.04501
0.877914,-1.51662,0.919522
0.730098,-1.27071,0.724999
0.8711,-1.01658,0.680087
0.910756,-0.787225,0.530417
0.975088,-0.554362,0.384911
1.12346,-0.335631,0.401436
1.31024,-0.164575,0.550377
1.46247,0.0657355,0.505039
1.58317,0.277853,0.399884
1.81416,0.407555,0.53186
1.99486,0.603259,0.57599
2.08747,0.856909,0.438601
2.16235,1.07508,0.309835
2.2627,1.28734,0.194655
2.38648,1.50646,0.0589942
2.49531,1.70674,-0.0849796
2.5941,1.90919,-0.253959
2.72822,2.12699,-0.419007
2.82972,2.32538,-0.607993
2.9292,2.52523,-0.837838
3.01513,2.70383,-1.17887
3.06674,2.8242,-1.2894
3.0838,2.86701,-1.4174
-1.68195,-4.25731,-1.41797
-1.6607,-4.23866,-1.29875
-1.65053,-4.21808,-1.07066
-1.60913,-4.2041,-0.708274
-1.52868,-4.12194,-0.352717
-1.40904,-3.98696,-0.0342126
-1.23865,-3.80161,0.231034
-0.991816,-3.58718,0.372743
-0.786233,-3.37289,0.490735
-0.645151,-3.14897,0.680991
-0.464009,-2.9272,0.795644
-0.281218,-2.73597,0.920887
-0.114418,-2.52095,1.06229
0.0690337,-2.20864,0.826965
0.227667,-2.04449,0.924612
0.53014,-2.04277,1.28351
0.75782,-1.68565,1.33646
0.670717,-1.30786,1.12908
0.627871,-1.07528,0.944324
0.772619,-0.814886,0.816359
0.751673,-0.601068,0.63201
0.804142,-0.357068,0.494276
0.987614,-0.131644,0.536295
1.15402,0.0757886,0.552727
1.30654,0.277668,0.497316
1.53715,0.396743,0.629028
1.73757,0.581844,0.719127
1.85875,0.825268,0.622814
1.96356,1.05431,0.506047
2.07773,1.27358,0.389054
2.18878,1.48277,0.285364
2.31836,1.70796,0.128694
2.43234,1.91293,0.016213
2.56059,2.12784,-0.154084
2.6801,2.33205,-0.354289
2.7866,2.52131,-0.583819
2.89042,2.71492,-0.822245
2.96284,2.87417,-1.09687
3.01315,2.99534,-1.27589
3.0327,3.04255,-1.41763
-1.81955,-4.12984,-1.41733
-1.81533,-4.14096,-1.25673
-1.795,-4.08789,-1.05915
-1.76335,-4.04032,-0.700539
-1.66936,-3.9293,-0.365029
-1.53682,-3.77174,-0.0688665
-1.34623,-3.58217,0.151404
-1.12287,-3.38063,0.30463
-0.970982,-3.18865,0.506492
-0.750667,-2.93798,0.541767
-0.607224,-2.74644,0.714655
-0.490309,-2.56464,0.978091
-0.280276,-2.29391,0.943679
-0.0923403,-2.00397,0.866189
-0.0125146,-2.09997,1.2965
0.269922,-1.90507,1.70312
0.542701,-1.40272,1.67747
0.566172,-1.03241,1.33174
0.592606,-0.83608,1.13429
0.681612,-0.597962,0.992479
0.644264,-0.381573,0.779015
0.659781,-0.139118,0.610235
0.838898,0.0873307,0.588304
1.05374,0.242817,0.64548
1.2597,0.373199,0.768564
1.44861,0.56708,0.833776
1.6004,0.797231,0.783057
1.72865,1.03538,0.681423
1.84792,1.25119,0.586272
1.96732,1.46839,0.471788
2.11116,1.69585,0.353804
2.24037,1.90675,0.212213
2.36752,2.11539,0.0710693
2.49927,2.32444,-0.110493
2.62035,2.52749,-0.302255
2.7305,2.72028,-0.531208
2.83292,2.90517,-0.795212
2.91328,3.07496,-1.0706
2.9679,3.20186,-1.26331
2.9698,3.21727,-1.41694
-1.95118,-3.99784,-1.41751
-1.95316,-3.9972,-1.28209
-1.92491,-3.93039,-1.07978
-1.88619,-3.85736,-0.718024
-1.78689,-3.72389,-0.395166
-1.62873,-3.5604,-0.117521
-1.42391,-3.36057,0.0654287
-1.26355,-3.17451,0.262844
-1.15326,-2.99593,0.527055
-0.965804,-2.77783,0.651915
-0.787215,-2.56047,0.746165
-0.617591,-2.3346,0.834993
-0.403678,-2.09475,0.84181
-0.354239,-1.95212,1.03865
-0.333811,-1.86078,1.43724
-0.113008,-1.49639,1.7363
0.167819,-1.03972,1.69577
0.349795,-0.805429,1.39553
0.451557,-0.612891,1.24013
0.53659,-0.382533,1.0843
0.557563,-0.181442,0.917394
0.625624,0.0256398,0.81714
0.804576,0.208745,0.834546
0.989658,0.373607,0.901125
1.16918,0.548628,0.936588
1.31326,0.789118,0.880731
1.46055,1.01275,0.834617
1.59994,1.22874,0.753558
1.7297,1.44825,0.638436
1.87166,1.67434,0.531853
2.01538,1.89148,0.428194
2.15162,2.10497,0.285103
2.28453,2.31657,0.128269
2.42017,2.52817,-0.0617418
2.54645,2.72254,-0.271347
2.66165,2.91405,-0.518517
2.76104,3.08853,-0.783039
2.83773,3.23953,-1.10181
2.88406,3.34259,-1.30583
2.89677,3.38498,-1.41766
-2.07212,-3.85491,-1.41728
-2.07148,-3.83529,-1.29776
-2.05099,-3.78034,-1.03706
-1.98559,-3.66898,-0.732401
-1.87103,-3.51591,-0.433356
-1.69921,-3.34309,-0.200353
-1.5124,-3.15924,-0.0100648
-1.3717,-2.97416,0.205064
-1.24227,-2.77534,0.404956
-1.0788,-2.56385,0.550268
-0.92156,-2.34791,0.650778
-0.746943,-2.12993,0.739475
-0.568814,-1.92282,0.79559
-0.592312,-1.75532,1.07949
-0.467867,-1.49623,1.28603
-0.251148,-1.16237,1.38358
-0.0794019,-0.848238,1.41933
0.119139,-0.646001,1.33035
0.254028,-0.40312,1.25552
0.36757,-0.187304,1.14059
0.452562,-0.0063302,1.02916
0.564683,0.181797,0.973838
0.721274,0.351777,0.99575
0.876366,0.549367,1.0017
1.01994,0.767459,0.985231
1.17378,0.991148,0.945543
1.32234,1.20272,0.88999
1.45881,1.42911,0.7991
1.60644,1.65394,0.709664
1.75848,1.87887,0.604303
1.90241,2.08387,0.485803
2.05483,2.3119,0.342761
2.18913,2.51897,0.174475
2.32568,2.71914,-0.0255212
2.4579,2.92125,-0.242796
2.57052,3.09929,-0.48236
2.67891,3.27567,-0.771524
2.75595,3.42175,-1.07832
2.80201,3.51415,-1.30632
2.81226,3.54951,-1.41723
-2.17158,-3.69721,-1.41733
-2.15855,-3.66871,-1.32265
-2.1333,-3.59346,-1.05893
-2.05841,-3.47327,-0.757468
-1.925,-3.3132,-0.47636
-1.76155,-3.14196,-0.250021
-1.62379,-2.95778,-0.0421464
-1.49826,-2.76552,0.171827
-1.34623,-2.5729,0.333519
-1.1943,-2.36875,0.495559
-1.05228,-2.16181,0.618121
-0.882434,-1.94679,0.701906
-0.665019,-1.72054,0.712244
-0.615352,-1.49528,0.900255
-0.424269,-1.26499,1.01311
-0.244619,-1.01981,1.08617
-0.211566,-0.714571,1.19502
-0.0664211,-0.45318,1.20712
0.0788889,-0.222383,1.17913
0.209609,-0.0277549,1.13415
0.32148,0.155874,1.09047
0.443211,0.34924,1.05783
0.582052,0.542455,1.07125
0.724938,0.755489,1.07321
0.873816,0.97777,1.0375
1.0248,1.17919,0.992096
1.17863,1.40933,0.918118
1.32157,1.63177,0.85154
1.48165,1.85183,0.771409
1.634,2.06729,0.657453
1.78294,2.29615,0.536623
1.93521,2.50872,0.381928
2.07674,2.71407,0.20047
2.21564,2.91565,0.0108953
2.35045,3.10584,-0.223656
2.46543,3.284,-0.470656
2.57575,3.45041,-0.765522
2.65781,3.58267,-1.05851
2.71548,3.69086,-1.29094
2.72038,3.70906,-1.41728
-2.25605,-3.52966,-1.41768
-2.24918,-3.51402,-1.25266
-2.19205,-3.40114,-1.11583
-2.10468,-3.27589,-0.803595
-1.96918,-3.10466,-0.525046
-1.84831,-2.93926,-0.3035
-1.73607,-2.76777,-0.0623774
-1.62206,-2.58794,0.145034
-1.49852,-2.38434,0.330891
-1.36501,-2.17821,0.497471
-1.21456,-1.95758,0.619923
-1.04748,-1.73917,0.710024
-0.834116,-1.50905,0.737135
-0.686188,-1.30085,0.798316
-0.511035,-1.0721,0.848638
-0.391499,-0.814187,0.916929
-0.282078,-0.559891,0.97811
-0.157286,-0.302021,1.01304
-0.054421,-0.0764839,1.04095
0.0582606,0.123929,1.07306
0.172177,0.32223,1.08576
0.297116,0.523704,1.08916
0.426021,0.721654,1.1093
0.587496,0.934201,1.10414
0.721989,1.15716,1.06942
0.863543,1.37213,1.02757
1.02592,1.61286,0.969846
1.17214,1.82359,0.904705
1.33722,2.05462,0.805643
1.49231,2.27614,0.699474
1.65441,2.49197,0.571204
1.80413,2.70309,0.41053
1.94548,2.90284,0.23142
2.1001,3.10287,0.0160881
2.2283,3.28924,-0.207555
2.35322,3.45618,-0.469552
2.4648,3.61787,-0.758086
2.55487,3.75533,-1.05671
2.59633,3.84445,-1.27691
2.61523,3.86026,-1.4171
-2.32266,-3.35565,-1.41679
-2.31728,-3.34589,-1.23466
-2.24639,-3.21825,-1.12318
-2.13783,-3.06598,-0.846301
-2.0425,-2.91723,-0.560772
-1.94987,-2.75204,-0.322641
-1.8533,-2.57424,-0.0847883
-1.7523,-2.38994,0.130451
-1.63371,-2.1962,0.325268
-1.5029,-1.99103,0.490895
-1.35173,-1.76831,0.612944
-1.19132,-1.54347,0.687881
-1.03074,-1.30769,0.756944
-0.864532,-1.08528,0.765586
-0.688238,-0.857477,0.759576
-0.523499,-0.634607,0.758423
-0.301914,-0.412231,0.700635
-0.180731,-0.144389,0.765532
-0.171003,0.0817991,0.931223
-0.0932737,0.283845,1.02533
0.0173687,0.484235,1.07947
0.142627,0.6981,1.12611
0.268788,0.911711,1.15654
0.412744,1.13414,1.1412
0.55707,1.35123,1.0995
0.710421,1.59393,1.05816
0.867689,1.8014,1.00476
1.02437,2.02066,0.929116
1.18609,2.25128,0.833711
1.34576,2.4671,0.733131
1.50834,2.68599,0.594556
1.65786,2.89205,0.425968
1.81181,3.09194,0.240816
1.96165,3.28644,0.0326117
2.09252,3.45952,-0.198518
2.22082,3.62676,-0.4582
2.34002,3.77718,-0.753057
2.43222,3.89343,-1.08497
2.47841,3.96619,-1.31312
2.50197,4.00585,-1.41799
-2.36809,-3.1741,-1.41812
-2.33487,-3.12503,-1.31897
-2.27589,-3.02349,-1.08842
-2.20374,-2.88711,-0.854297
-2.12319,-2.72711,-0.581238
-2.04656,-2.56135,-0.331051
-1.96996,-2.39003,-0.106268
-1.8857,-2.19959,0.107457
-1.77492,-2.00603,0.309458
-1.64881,-1.78466,0.475297
-1.49523,-1.56023,0.579959
-1.33263,-1.32955,0.641569
-1.1538,-1.09652,0.678915
-0.991825,-0.890865,0.678251
-0.793458,-0.665138,0.606732
-0.629062,-0.443995,0.547528
-0.449928,-0.201803,0.568361
-0.323409,0.0807922,0.625882
-0.334674,0.262264,0.869512
-0.272489,0.443084,1.02785
-0.160713,0.653815,1.10432
-0.0381873,0.870012,1.15476
0.101251,1.09384,1.17128
0.241466,1.31951,1.15381
0.387746,1.54392,1.12253
0.54275,1.77238,1.08414
0.68823,1.98415,1.02886
0.854463,2.2257,0.94841
1.02795,2.4546,0.852304
1.17814,2.65907,0.753128
1.34847,2.87756,0.592493
1.50175,3.07105,0.41981
1.65483,3.26714,0.245944
1.80985,3.45368,0.0331146
1.95115,3.62117,-0.207691
2.08262,3.78245,-0.46875
2.19846,3.92498,-0.752919
2.29736,4.04298,-1.07612
2.36572,4.12977,-1.28126
2.37834,4.14201,-1.41662
-2.40266,-2.99065,-1.41725
-2.38925,-2.95771,-1.31518
-2.32355,-2.83135,-1.1626
-2.27561,-2.69984,-0.872062
-2.21754,-2.53786,-0.580351
-2.15588,-2.37691,-0.373586
-2.09827,-2.19802,-0.110209
-2.01239,-2.01387,0.106621
-1.90808,-1.81018,0.292929
-1.78082,-1.58658,0.443773
-1.62537,-1.35437,0.536158
-1.46338,-1.12207,0.585454
-1.29115,-0.899507,0.59074
-1.1119,-0.706187,0.550609
-0.937929,-0.460931,0.455613
-0.797161,-0.225196,0.480965
-0.679161,-0.0100977,0.680687
-0.574476,0.270643,0.647332
-0.535606,0.4174,0.871916
-0.457011,0.597369,1.0488
-0.333346,0.831548,1.10357
-0.217555,1.05882,1.14615
-0.0829343,1.28003,1.16432
0.0661468,1.51136,1.15281
0.20497,1.73751,1.13068
0.371893,1.96552,1.081
0.519931,2.1908,1.02039
0.679915,2.41304,0.948432
0.852544,2.62789,0.85358
1.01279,2.84234,0.736195
1.18098,3.05297,0.577483
1.33112,3.24303,0.423135
1.50353,3.43857,0.236244
1.65136,3.61792,0.0188531
1.79045,3.77914,-0.20928
1.92983,3.92911,-0.483501
2.0547,4.06583,-0.766599
2.1559,4.17829,-1.06083
2.2213,4.25103,-1.2884
2.24315,4.26796,-1.41801
-2.4456,-2.80879,-1.41738
-2.44756,-2.80309,-1.24811
-2.38953,-2.66649,-1.13429
-2.35606,-2.51289,-0.861538
-2.31158,-2.36036,-0.627573
-2.27207,-2.18991,-0.366472
-2.21508,-2.01728,-0.13184
-2.13706,-1.81518,0.0847416
-2.03276,-1.60292,0.249413
-1.89697,-1.37221,0.386697
-1.74494,-1.14124,0.464977
-1.57742,-0.920024,0.491867
-1.40413,-0.724549,0.465074
-1.23473,-0.491633,0.404814
-1.10226,-0.260713,0.422364
-0.992664,-0.0767564,0.640151
-0.893399,0.154015,0.774709
-0.798869,0.412817,0.684286
-0.737876,0.558525,0.935679
-0.635454,0.777721,1.04048
-0.521933,1.01386,1.08113
-0.397902,1.22624,1.12468
-0.259042,1.46767,1.1435
-0.127599,1.6969,1.13494
0.0290912,1.92576,1.11389
0.175022,2.1529,1.07406
0.339903,2.37757,1.00585
0.502122,2.59219,0.932227
0.665218,2.81672,0.831491
0.828352,3.02082,0.7034
0.997692,3.21965,0.556417
1.16243,3.40846,0.396466
1.32333,3.59748,0.212808
1.48394,3.76749,0.00708049
1.63427,3.92382,-0.233572
1.7685,4.06667,-0.484336
1.89642,4.19164,-0.769587
2.00572,4.28564,-1.09871
2.07316,4.35447,-1.31512
2.09994,4.38302,-1.4171
-2.49467,-2.6299,-1.41731
-2.51404,-2.63746,-1.20029
-2.4853,-2.48816,-1.00802
-2.44495,-2.33105,-0.830502
-2.40459,-2.17549,-0.64542
-2.3717,-2.00066,-0.374096
-2.31397,-1.81435,-0.161793
-2.24104,-1.61478,0.040731
-2.13328,-1.39204,0.201421
-1.99659,-1.1605,0.309912
-1.84397,-0.94149,0.368358
-1.67018,-0.744307,0.366611
-1.50698,-0.526588,0.324418
-1.37877,-0.294586,0.356173
-1.30783,-0.127399,0.553901
-1.21414,0.0659411,0.806284
-1.09389,0.322769,0.740799
-1.01248,0.547177,0.737159
-0.93955,0.706559,0.997221
-0.824639,0.961757,1.02018
-0.715674,1.19498,1.05645
-0.590997,1.41977,1.09992
-0.455535,1.655,1.10901
-0.319842,1.87843,1.09894
-0.165738,2.11341,1.07669
-0.0107571,2.33521,1.04123
0.148338,2.56044,0.973518
0.303347,2.77519,0.894505
0.482523,2.98529,0.793472
0.645596,3.18046,0.662544
0.811831,3.37876,0.527017
0.983892,3.56536,0.357445
1.1412,3.73871,0.186116
1.30752,3.90677,-0.0295865
1.45617,4.05623,-0.245282
1.60144,4.19271,-0.509506
1.73413,4.31214,-0.793077
1.8529,4.41315,-1.08515
1.92346,4.473,-1.2981
1.95159,4.49288,-1.41753
-2.55063,-2.44954,-1.41762
-2.56722,-2.40633,-1.24326
-2.52769,-2.27784,-1.13457
-2.51575,-2.15346,-0.88269
-2.48644,-1.99226,-0.66207
-2.45236,-1.80497,-0.409532
-2.39876,-1.61141,-0.19903
-2.32897,-1.40089,-0.0208301
-2.21822,-1.17534,0.121991
-2.07346,-0.959388,0.215225
-1.92193,-0.761888,0.247666
-1.75377,-0.545737,0.232401
-1.63545,-0.332021,0.267585
-1.58649,-0.176648,0.473455
-1.54382,-0.0029508,0.732875
-1.41102,0.271678,0.727586
-1.28484,0.500787,0.648683
-1.23414,0.678755,0.878507
-1.13849,0.906157,0.960177
-1.01734,1.14899,0.970355
-0.904201,1.37229,1.01551
-0.780283,1.60337,1.04443
-0.647776,1.84022,1.05635
-0.50894,2.06141,1.04836
-0.359749,2.29417,1.02428
-0.218318,2.51483,0.982776
-0.0450239,2.73094,0.922486
0.125702,2.94278,0.839135
0.281316,3.14533,0.737632
0.452065,3.34087,0.606722
0.613932,3.52309,0.4727
0.794892,3.70866,0.315985
0.960714,3.8806,0.146278
1.12134,4.03577,-0.0629868
1.27445,4.17849,-0.275532
1.43248,4.30959,-0.527478
1.5656,4.42361,-0.795681
1.68731,4.51238,-1.08761
1.75572,4.58727,-1.27166
1.79715,4.59305,-1.41758
-2.61292,-2.27593,-1.41717
-2.63992,-2.25099,-1.25574
-2.59732,-2.12538,-1.18499
-2.58652,-1.96349,-0.899132
-2.55855,-1.79324,-0.671415
-2.52008,-1.60068,-0.445122
-2.46147,-1.40929,-0.275443
-2.38789,-1.19696,-0.0778043
-2.27836,-0.980273,0.0359869
-2.13736,-0.770042,0.0997576
-1.9842,-0.572695,0.120924
-1.85415,-0.361318,0.160302
-1.82141,-0.192088,0.317677
-1.83274,-0.0272026,0.569028
-1.71869,0.222614,0.641179
-1.55702,0.462489,0.560398
-1.50506,0.634372,0.720193
-1.44014,0.858678,0.882265
-1.31554,1.10133,0.882353
-1.20074,1.3283,0.890247
-1.0896,1.5574,0.94297
-0.973146,1.78431,0.96153
-0.843028,2.01883,0.976651
-0.709323,2.23914,0.966361
-0.55379,2.46563,0.947013
-0.404456,2.68147,0.910546
-0.246204,2.8985,0.842966
-0.0862664,3.10531,0.772572
0.0823133,3.30662,0.670988
0.257305,3.4918,0.555782
0.432812,3.66288,0.409609
0.595071,3.84012,0.265221
0.767582,4.00374,0.0972803
0.941857,4.15137,-0.100315
1.10847,4.2906,-0.314931
1.25111,4.41121,-0.560502
1.37875,4.51092,-0.817808
1.52613,4.58681,-1.15141
1.60701,4.68064,-1.28741
1.64022,4.68903,-1.4168
-2.66698,-2.09651,-1.41744
-2.66682,-2.04799,-1.30202
-2.63987,-1.93507,-1.21097
-2.65012,-1.77533,-0.886189
-2.61401,-1.59698,-0.702748
-2.57619,-1.40488,-0.474387
-2.51558,-1.20214,-0.329819
-2.43105,-0.977209,-0.170581
-2.32316,-0.781235,-0.0792873
-2.1833,-0.584874,-0.0295165
-2.04589,-0.381505,0.0207365
-2.00491,-0.198199,0.142085
-2.04205,-0.0316088,0.349938
-1.96805,0.190185,0.46497
-1.79823,0.426652,0.421813
-1.76072,0.601222,0.566719
-1.73961,0.811534,0.770511
-1.62145,1.05764,0.785753
-1.49083,1.28707,0.773154
-1.38923,1.50974,0.791506
-1.27569,1.7388,0.836434
-1.16006,1.96101,0.858906
-1.02714,2.18729,0.869652
-0.899153,2.406,0.855876
-0.762218,2.6346,0.841363
-0.605437,2.84426,0.816972
-0.450248,3.05443,0.757232
-0.281501,3.25718,0.686964
-0.113915,3.44905,0.590364
0.0541433,3.62459,0.475422
0.225627,3.80006,0.333663
0.403851,3.96432,0.201083
0.573438,4.11685,0.0381849
0.744038,4.25974,-0.151377
0.903498,4.39262,-0.351303
1.06139,4.50463,-0.585677
1.22059,4.60582,-0.828277
1.36419,4.68003,-1.12689
1.43289,4.75142,-1.30852
1.47548,4.77199,-1.41824
-2.71194,-1.91203,-1.41763
-2.71905,-1.87356,-1.32129
-2.68873,-1.7351,-1.18879
-2.67576,-1.5716,-0.955704
-2.6634,-1.39678,-0.727597
-2.6137,-1.20171,-0.566069
-2.56485,-0.995279,-0.376163
-2.4922,-0.801868,-0.250045
-2.37602,-0.605353,-0.157055
-2.23116,-0.403161,-0.116383
-2.15159,-0.204498,-0.0391453
-2.18317,-0.0311962,0.12991
-2.1311,0.174471,0.226956
-2.01606,0.385913,0.266674
-2.01612,0.570494,0.434609
-1.99873,0.777271,0.590127
-1.89326,1.02582,0.63371
-1.76954,1.24896,0.626204
-1.65134,1.4604,0.648481
-1.55043,1.68883,0.685896
-1.44897,1.90342,0.71636
-1.33788,2.13307,0.734381
-1.21771,2.35155,0.74125
-1.08698,2.56745,0.74749
-0.950425,2.78462,0.736982
-0.811721,3.00561,0.691943
-0.653103,3.20803,0.653645
-0.487721,3.39724,0.580624
-0.320962,3.57937,0.485948
-0.142692,3.75608,0.376099
0.0286687,3.9179,0.268964
0.206094,4.07407,0.126476
0.377837,4.21618,-0.0407182
0.541154,4.35184,-0.197548
0.729697,4.48207,-0.402543
0.881621,4.59082,-0.614932
1.01375,4.66939,-0.868685
1.14334,4.74231,-1.12657
1.26475,4.82573,-1.32462
1.30883,4.85163,-1.41618
-2.76138,-1.73867,-1.41711
-2.78879,-1.72089,-1.3134
-2.7718,-1.57499,-1.12112
-2.73644,-1.40784,-0.966651
-2.7133,-1.2116,-0.742823
-2.65814,-1.00472,-0.592501
-2.58331,-0.794418,-0.474924
-2.50945,-0.600797,-0.34912
-2.37307,-0.407676,-0.301725
-2.28164,-0.217102,-0.210526
-2.24939,-0.020244,-0.110176
-2.21923,0.169799,-0.0043944
-2.169,0.368802,0.0955246
-2.21282,0.546979,0.243131
-2.21327,0.75226,0.379889
-2.12742,0.987039,0.431458
-2.01005,1.21087,0.444781
-1.90246,1.4235,0.463251
-1.81119,1.63052,0.495878
-1.72229,1.86212,0.531036
-1.62338,2.07128,0.567224
-1.51317,2.2894,0.585911
-1.41012,2.50674,0.589867
-1.28708,2.72917,0.600436
-1.15047,2.94227,0.591855
-1.00244,3.14098,0.578528
-0.845922,3.34134,0.532616
-0.687252,3.53038,0.455282
-0.518739,3.7026,0.376394
-0.34766,3.86722,0.271652
-0.179524,4.02514,0.162931
0.0041204,4.17216,0.0302449
0.178771,4.31364,-0.106717
0.360903,4.44146,-0.260222
0.515732,4.55269,-0.452356
0.684223,4.66652,-0.649231
0.870069,4.74394,-0.939423
0.990573,4.84364,-1.08569
1.11722,4.91574,-1.30316
1.13688,4.91377,-1.41822
-2.79316,-1.54889,-1.41748
-2.77471,-1.47291,-1.30468
-2.74847,-1.33997,-1.19754
-2.76592,-1.18202,-0.950563
-2.7254,-1.01729,-0.836736
-2.69281,-0.811074,-0.634385
-2.62418,-0.614614,-0.536799
-2.5356,-0.425995,-0.440594
-2.42271,-0.223959,-0.383573
-2.35279,-0.02267,-0.30542
-2.33684,0.170314,-0.193872
-2.3476,0.351463,-0.0993456
-2.37972,0.537986,0.017797
-2.38476,0.730667,0.146477
-2.31324,0.956081,0.205284
-2.21399,1.17419,0.240802
-2.11744,1.37787,0.268101
-2.03884,1.58892,0.313043
-1.95969,1.80099,0.360017
-1.8832,2.02004,0.384045
-1.7916,2.23375,0.414558
-1.68959,2.44545,0.430019
-1.58219,2.65974,0.44921
-1.46356,2.87068,0.461152
-1.33424,3.07631,0.44967
-1.19986,3.27598,0.412674
-1.04781,3.46608,0.365556
-0.886604,3.64571,0.321639
-0.722394,3.81759,0.244536
-0.548728,3.97347,0.15517
-0.373614,4.12799,0.0590828
-0.195258,4.26066,-0.0658274
-0.0273183,4.39159,-0.188119
0.149635,4.50588,-0.362371
0.326935,4.61585,-0.518476
0.506732,4.73566,-0.679168
0.664289,4.81579,-0.923189
0.785649,4.90133,-1.08616
0.904425,4.94271,-1.3303
0.96085,4.97565,-1.4172
-2.82869,-1.37153,-1.41764
-2.83964,-1.3229,-1.31059
-2.79416,-1.18633,-1.25035
-2.80079,-1.01535,-1.01277
-2.7617,-0.811375,-0.855442
-2.69306,-0.613385,-0.752707
-2.61485,-0.414715,-0.620529
-2.53244,-0.226558,-0.559901
-2.47373,-0.02781,-0.463576
-2.42914,0.14592,-0.385334
-2.43701,0.330058,-0.264854
-2.49843,0.517579,-0.134043
-2.48761,0.716333,-0.0789604
-2.43412,0.91593,-0.0439249
-2.37394,1.13859,0.0179842
-2.30655,1.34198,0.0614364
-2.24521,1.54202,0.09424
-2.19293,1.75539,0.141852
-2.12657,1.97121,0.168246
-2.04369,2.18501,0.207829
-1.95318,2.38294,0.242872
-1.86309,2.59697,0.245418
-1.74755,2.79882,0.28381
-1.64612,3.00319,0.267904
-1.52218,3.20465,0.263869
-1.3795,3.39821,0.252172
-1.2335,3.5774,0.21694
-1.08405,3.7535,0.145457
-0.912321,3.91842,0.0999319
-0.749201,4.06687,0.017269
-0.575843,4.21183,-0.073375
-0.396757,4.34286,-0.173088
-0.221741,4.46598,-0.286812
-0.0381554,4.58824,-0.404483
0.135695,4.68914,-0.545683
0.305826,4.77062,-0.752992
0.485443,4.87615,-0.943318
0.623604,4.95492,-1.12845
0.756565,5.01207,-1.34062
0.788591,5.02907,-1.4174
-2.85149,-1.1822,-1.41891
-2.90942,-1.16678,-1.2858
-2.83938,-0.986799,-1.19105
-2.78695,-0.811235,-1.08935
-2.80035,-0.622323,-0.869673
-2.71334,-0.435614,-0.786534
-2.63553,-0.23855,-0.706757
-2.58313,-0.0550988,-0.642973
-2.56115,0.135538,-0.539088
-2.56082,0.323619,-0.481346
-2.57596,0.516159,-0.4465
-2.58889,0.72219,-0.336756
-2.56156,0.91015,-0.238681
-2.51893,1.10933,-0.182154
-2.47906,1.30518,-0.146941
-2.42739,1.50019,-0.079791
-2.39497,1.71688,-0.0462805
-2.34714,1.91573,-0.0220256
-2.27295,2.12187,0.0269363
-2.20091,2.32989,0.0401991
-2.11677,2.52931,0.0593726
-2.01995,2.73339,0.0806333
-1.93046,2.94021,0.0686475
-1.81544,3.13352,0.0852965
-1.6998,3.32086,0.0736494
-1.56451,3.50816,0.0601747
-1.41768,3.68292,0.0184583
-1.26746,3.84876,-0.0159662
-1.10609,4.00632,-0.0578328
-0.94152,4.15475,-0.128198
-0.772432,4.29081,-0.198886
-0.598221,4.41558,-0.292525
-0.411459,4.52931,-0.403296
-0.247448,4.63442,-0.514835
-0.0750027,4.72173,-0.653001
0.0958245,4.8132,-0.794238
0.270238,4.90523,-0.97272
0.42394,4.98216,-1.16119
0.546105,5.03462,-1.3409
0.602216,5.06704,-1.41738
-2.87655,-0.996271,-1.41396
-2.95221,-0.944644,-1.17916
-2.89397,-0.803159,-1.14405
-2.82789,-0.64757,-1.11713
-2.76729,-0.4277,-0.960787
-2.71909,-0.246474,-0.875969
-2.69676,-0.0564626,-0.787268
-2.66521,0.123634,-0.73099
-2.70382,0.317208,-0.601195
-2.71083,0.496238,-0.542082
-2.67905,0.664311,-0.519905
-2.68302,0.868374,-0.417182
-2.66172,1.07222,-0.395392
-2.63227,1.27637,-0.363728
-2.60083,1.46741,-0.306457
-2.58388,1.67806,-0.270628
-2.54229,1.876,-0.242381
-2.4939,2.0799,-0.206767
-2.43112,2.27507,-0.171172
-2.35478,2.47709,-0.161608
-2.26784,2.67771,-0.137378
-2.18776,2.85828,-0.139175
-2.08772,3.06362,-0.122562
-1.97937,3.24545,-0.107629
-1.86154,3.43474,-0.129722
-1.74548,3.60639,-0.164692
-1.59225,3.77613,-0.169504
-1.45322,3.92954,-0.202783
-1.28947,4.08178,-0.254837
-1.13101,4.22567,-0.303932
-0.965246,4.35326,-0.362632
-0.791546,4.4757,-0.420555
-0.613523,4.57961,-0.516158
-0.434525,4.68576,-0.601726
-0.229286,4.7941,-0.698809
-0.0465379,4.88839,-0.823855
0.141753,4.96987,-1.01677
0.282337,5.04177,-1.1837
0.393102,5.10311,-1.33168
0.42944,5.10451,-1.41753
-2.89402,-0.811695,-1.41867
-2.99507,-0.777218,-1.18593
-2.89716,-0.589951,-1.13704
-2.82216,-0.425421,-1.11167
-2.80129,-0.252673,-1.00546
-2.77848,-0.0639975,-0.94262
-2.75587,0.116162,-0.885086
-2.76797,0.302196,-0.818019
-2.78393,0.495034,-0.765407
-2.81409,0.684196,-0.674962
-2.78153,0.86113,-0.692937
-2.79537,1.06662,-0.61535
-2.76965,1.24789,-0.577846
-2.74416,1.43196,-0.52443
-2.75001,1.64542,-0.511419
-2.71422,1.83,-0.466328
-2.67543,2.02353,-0.415583
-2.62595,2.22368,-0.39623
-2.56821,2.42076,-0.386773
-2.50105,2.61119,-0.370032
-2.41639,2.80396,-0.351834
-2.34071,2.99334,-0.366699
-2.24178,3.17751,-0.349362
-2.1397,3.35594,-0.355216
-2.02087,3.53793,-0.351112
-1.89762,3.70337,-0.353429
-1.75579,3.86015,-0.390909
-1.62567,4.00985,-0.412433
-1.46732,4.15369,-0.447044
-1.31348,4.29089,-0.487194
-1.14434,4.41659,-0.518058
-0.969455,4.51777,-0.599852
-0.806632,4.6239,-0.655305
-0.629796,4.71972,-0.71486
-0.463774,4.78075,-0.829743
-0.302414,4.86141,-0.93029
-0.118937,4.93732,-1.06129
0.0665071,5.01347,-1.23646
0.170411,5.10853,-1.31277
0.23747,5.11483,-1.41728
-2.90371,-0.626905,-1.41744
-2.86628,-0.548567,-1.32643
-2.8643,-0.404787,-1.22767
-2.85778,-0.263099,-1.15133
-2.84514,-0.0808518,-1.0954
-2.8378,0.122098,-1.02596
-2.82917,0.279628,-0.969731
-2.88546,0.481407,-0.891478
-2.86367,0.650259,-0.879255
-2.9017,0.851293,-0.804768
-2.88782,1.02778,-0.804502
-2.89671,1.23546,-0.791779
-2.87369,1.4013,-0.739897
-2.86955,1.59638,-0.723011
-2.86322,1.79485,-0.675546
-2.83518,1.97575,-0.6408
-2.81448,2.17704,-0.644988
-2.7651,2.37094,-0.618227
-2.7045,2.553,-0.595697
-2.64035,2.74356,-0.597222
-2.56453,2.92542,-0.6059
-2.47938,3.10936,-0.571117
-2.38707,3.28754,-0.575048
-2.29098,3.45655,-0.582807
-2.17997,3.6277,-0.581651
-2.05691,3.78559,-0.597677
-1.92965,3.94104,-0.617187
-1.7905,4.08978,-0.625624
-1.63264,4.22129,-0.652956
-1.4889,4.34672,-0.677727
-1.32317,4.46193,-0.71581
-1.15965,4.57518,-0.756559
-0.990235,4.67525,-0.78767
-0.823552,4.74925,-0.863185
-0.620068,4.84573,-0.901928
-0.445216,4.93595,-0.966545
-0.262034,5.0059,-1.07482
-0.0844612,5.07391,-1.23769
0.0190073,5.15514,-1.3172
0.0608017,5.13121,-1.41728
-2.92253,-0.435352,-1.41726
-2.91983,-0.399064,-1.34564
-2.88537,-0.24218,-1.30203
-2.86438,-0.0642534,-1.24387
-2.91004,0.120402,-1.14825
-2.90061,0.289247,-1.12877
-2.90489,0.470767,-1.17323
-2.98715,0.665845,-1.0497
-2.98067,0.840563,-1.05338
-2.9685,1.00857,-1.03761
-3.00456,1.2102,-0.998386
-2.98654,1.38119,-0.996563
-3.00213,1.57033,-0.960925
-3.00447,1.76467,-0.946993
-2.98361,1.94223,-0.902705
-2.96595,2.13715,-0.877369
-2.93066,2.31432,-0.890967
-2.88964,2.50471,-0.878028
-2.83755,2.68565,-0.869034
-2.7712,2.86795,-0.85212
-2.69326,3.04441,-0.824461
-2.62339,3.21253,-0.875213
-2.52791,3.38944,-0.849583
-2.4327,3.55595,-0.837891
-2.32897,3.71814,-0.850893
-2.21342,3.8741,-0.85002
-2.08657,4.02097,-0.846155
-1.94546,4.15185,-0.868736
-1.80486,4.27885,-0.901481
-1.66014,4.39853,-0.913821
-1.50728,4.5074,-0.945968
-1.34673,4.61564,-0.959978
-1.15588,4.68851,-1.00351
-0.993204,4.79176,-1.00232
-0.851248,4.82566,-1.10166
-0.709077,4.88007,-1.1756
-0.502088,4.917,-1.21722
-0.335123,4.99039,-1.29284
-0.199845,5.07817,-1.35084
-0.130377,5.13265,-1.41766
-2.92834,-0.260518,-1.41754
-3.00505,-0.262765,-1.34184
-2.97258,-0.0752416,-1.29425
-2.92832,0.102382,-1.26427
-2.95728,0.263528,-1.19817
-3.02031,0.452555,-1.21456
-3.01756,0.633743,-1.27591
-3.03692,0.806088,-1.21728
-3.08089,0.990754,-1.16904
-3.0609,1.15254,-1.21571
-3.0868,1.33965,-1.1179
-3.09745,1.52285,-1.12962
-3.10766,1.71044,-1.18729
-3.10307,1.89305,-1.1107
-3.09744,2.08002,-1.15008
-3.07649,2.27094,-1.13011
-3.03499,2.43831,-1.12778
-2.99142,2.62068,-1.09137
-2.94773,2.80299,-1.11914
-2.8772,2.96664,-1.11874
-2.80298,3.1377,-1.08739
-2.73122,3.31157,-1.11239
-2.64651,3.46859,-1.11856
-2.55496,3.63521,-1.10895
-2.45134,3.78892,-1.11286
-2.3397,3.93269,-1.11066
-2.21437,4.06567,-1.13899
-2.08409,4.19346,-1.16082
-1.95321,4.33707,-1.11793
-1.79832,4.44377,-1.13182
-1.6511,4.55613,-1.13222
-1.49566,4.64761,-1.15828
-1.33338,4.7139,-1.20891
-1.1848,4.81117,-1.204
-0.987274,4.85339,-1.22909
-0.860571,4.947,-1.24288
-0.633658,4.99822,-1.2389
-0.478867,5.08937,-1.28447
-0.320849,5.16119,-1.35329
-0.306455,5.11992,-1.41679
-2.95563,-0.121986,-1.41726
-3.09213,-0.0357221,-1.30062
-3.05618,0.0953504,-1.28766
-2.99732,0.229442,-1.29193
-2.97108,0.37836,-1.29384
-3.1256,0.598558,-1.31102
-3.10412,0.755802,-1.31415
-3.07996,0.907496,-1.30828
-3.18467,1.12797,-1.33021
-3.15384,1.27919,-1.35296
-3.13128,1.43828,-1.33341
-3.21186,1.65968,-1.32762
-3.19014,1.82258,-1.3209
-3.18223,1.99946,-1.30872
-3.16559,2.17215,-1.33224
-3.14199,2.3536,-1.31482
-3.11085,2.52852,-1.32143
-3.06131,2.70085,-1.32712
-3.01144,2.87446,-1.31686
-2.95567,3.05082,-1.32695
-2.88999,3.20905,-1.31802
-2.8185,3.39579,-1.29297
-2.73163,3.54237,-1.30468
-2.63447,3.68505,-1.32058
-2.53451,3.83716,-1.31892
-2.43114,3.98326,-1.31861
-2.31574,4.12981,-1.30267
-2.19396,4.26277,-1.29629
-2.05636,4.38408,-1.28786
-1.90508,4.47128,-1.3352
-1.77442,4.58125,-1.33595
-1.60806,4.67382,-1.33589
-1.4601,4.7846,-1.30704
-1.29061,4.89034,-1.25908
-1.08377,4.93911,-1.26424
-0.959834,5.03707,-1.26925
-0.743492,5.09285,-1.25137
-0.614932,5.19136,-1.27369
-0.434843,5.24242,-1.35365
-0.436171,5.10961,-1.41781
-2.9585,-0.0679602,-1.41739
-2.94508,-0.0316776,-1.41829
-2.99214,0.11662,-1.41704
-3.02375,0.279414,-1.41746
-3.05226,0.448692,-1.41775
-3.10031,0.630293,-1.41708
-3.12156,0.801904,-1.4175
-3.14799,0.977083,-1.41725
-3.17262,1.15338,-1.41765
-3.18846,1.32985,-1.41708
-3.19839,1.50569,-1.4176
-3.20822,1.68475,-1.41699
-3.20592,1.85951,-1.41786
-3.20391,2.03815,-1.417
-3.19015,2.21485,-1.41762
-3.1617,2.38893,-1.41717
-3.12896,2.56431,-1.41721
-3.0864,2.73545,-1.41754
-3.03735,2.90565,-1.41737
-2.98224,3.07543,-1.4171
-2.91716,3.23816,-1.41772
-2.84101,3.40049,-1.41707
-2.75682,3.55437,-1.41748
-2.66762,3.70928,-1.41747
-2.56871,3.85515,-1.41706
-2.46011,3.99595,-1.41765
-2.34654,4.13156,-1.41715
-2.22308,4.25901,-1.41768
-2.09096,4.37727,-1.41688
-1.95256,4.48781,-1.41796
-1.80597,4.58781,-1.41693
-1.6566,4.68236,-1.41763
-1.49941,4.76666,-1.41765
-1.34181,4.84332,-1.41702
-1.17295,4.90708,-1.41775
-1.01279,4.97026,-1.41697
-0.832924,5.01637,-1.4178
-0.672888,5.06208,-1.41702
-0.548103,5.08487,-1.41757
-0.492914,5.09448,-1.41739
